{"mood": [{"timestamp": 1775300906.7643702, "mood_label": "bittersweet", "pad": [0.205, 0.0697, 0.1109], "emotion": "hopeful"}], "chemistry": [{"timestamp": 1775300906.7643702, "levels": {"dopamine": 0.7266845060402003, "cortisol": 0.21849145718180757, "serotonin": 0.6, "oxytocin": 0.5358985149383545, "norepinephrine": 0.56}, "description": "dopamine: 0.73 \u25b2 | cortisol: 0.22 \u25bc | serotonin: 0.60 ~ | oxytocin: 0.54 \u25b2 | norepinephrine: 0.56 \u25b2"}]}